2018-12-22 23:06:10.202476,https://external-preview.redd.it/rXaTij88v1tiH4be2NgX98RcCIO1HJxVRoJC4B8vp-c.jpg?width=640&crop=smart&auto=webp&s=91e4c40ed51c3e26862b92766c4ea4ce50180687,1
2018-12-22 23:06:10.202476,https://external-preview.redd.it/xVPh3-ymnDe750ZjFRNrUJmFuB1Wmi47JyWNTAIjN_k.jpg?width=640&crop=smart&auto=webp&s=eb61e4c9858b7a0133900beb60c6b872831a1e73,2
2018-12-22 23:06:10.202476,https://preview.redd.it/lgqek7kglu521.jpg?width=640&crop=smart&auto=webp&s=e7303b9e675e5d3a32bd750879427bb74eb30ffc,3
2018-12-22 23:06:10.202476,https://i.redd.it/es2zkhkhkv521.jpg,4
2018-12-22 23:06:10.202476,https://i.redd.it/hgvyuum2bv521.jpg,5
2018-12-22 23:06:10.202476,https://preview.redd.it/k3h4gnl1mu521.jpg?width=640&crop=smart&auto=webp&s=200cfe075e4a89768f6d7fcc726f5cfa27a68e30,6
2018-12-22 23:06:10.202476,https://preview.redd.it/olzba8qf9v521.jpg?width=640&crop=smart&auto=webp&s=ffcd119d4aa6cef971be18e319718db1d1d5f21d,7
2018-12-22 23:06:10.202476,https://preview.redd.it/8f2exm9mkv521.jpg?width=640&crop=smart&auto=webp&s=b1dba3d998e48b8de24f9485a39d71050f3a81cd,8
2018-12-22 23:06:10.202476,https://preview.redd.it/ehbmyekzot521.jpg?width=640&crop=smart&auto=webp&s=bfd89481b20fdbcb1280d7140561e75cd97038bc,9
2018-12-22 23:06:10.202476,https://preview.redd.it/9pa4d7opfu521.jpg?width=640&crop=smart&auto=webp&s=ade4e396d0125d292109e2a1f69d5570fe1e0b24,10
2018-12-23 01:23:19.457573,https://preview.redd.it/7x182g4ciw521.jpg?width=640&crop=smart&auto=webp&s=dc4417c15110dfc1c188d8f4cd3457a05082e220,11
2018-12-23 01:23:19.457573,https://external-preview.redd.it/l8ihZPj6KGPnpIyBvsZCjmSkNwNlASE2z0azZcToNew.jpg?width=640&crop=smart&auto=webp&s=52a608c51f63dc1a61ad9fb509258fd91f3fd26d,12
2018-12-23 01:23:19.457573,https://external-preview.redd.it/rXaTij88v1tiH4be2NgX98RcCIO1HJxVRoJC4B8vp-c.jpg?width=640&crop=smart&auto=webp&s=91e4c40ed51c3e26862b92766c4ea4ce50180687,13
2018-12-23 01:23:19.457573,https://preview.redd.it/38ct2nxxaw521.jpg?width=640&crop=smart&auto=webp&s=2e0e3a3d9f7bf7103a55e9db59ef43bfd5281ca3,14
2018-12-23 01:23:19.457573,https://preview.redd.it/evvk1c4maw521.jpg?width=640&crop=smart&auto=webp&s=1e0152f0d742347b9d7e71e3cad8300d9ba6e3b3,15
2018-12-23 01:23:19.457573,https://i.redd.it/es2zkhkhkv521.jpg,16
2018-12-23 01:23:19.457573,https://i.redd.it/hgvyuum2bv521.jpg,17
2018-12-23 01:23:19.457573,https://preview.redd.it/5kwdx9nz5w521.jpg?width=640&crop=smart&auto=webp&s=c30380b121457ad4f49239a1e1e5badf7d0bbd9a,18
2018-12-23 01:23:19.457573,https://external-preview.redd.it/xVPh3-ymnDe750ZjFRNrUJmFuB1Wmi47JyWNTAIjN_k.jpg?width=640&crop=smart&auto=webp&s=eb61e4c9858b7a0133900beb60c6b872831a1e73,19
2018-12-23 01:23:19.457573,https://preview.redd.it/lgqek7kglu521.jpg?width=640&crop=smart&auto=webp&s=e7303b9e675e5d3a32bd750879427bb74eb30ffc,20
2018-12-23 01:26:11.089088,https://preview.redd.it/7x182g4ciw521.jpg?width=640&crop=smart&auto=webp&s=dc4417c15110dfc1c188d8f4cd3457a05082e220,21
2018-12-23 01:26:11.089088,https://external-preview.redd.it/l8ihZPj6KGPnpIyBvsZCjmSkNwNlASE2z0azZcToNew.jpg?width=640&crop=smart&auto=webp&s=52a608c51f63dc1a61ad9fb509258fd91f3fd26d,22
2018-12-23 01:26:11.089088,https://external-preview.redd.it/rXaTij88v1tiH4be2NgX98RcCIO1HJxVRoJC4B8vp-c.jpg?width=640&crop=smart&auto=webp&s=91e4c40ed51c3e26862b92766c4ea4ce50180687,23
2018-12-23 01:26:11.089088,https://preview.redd.it/38ct2nxxaw521.jpg?width=640&crop=smart&auto=webp&s=2e0e3a3d9f7bf7103a55e9db59ef43bfd5281ca3,24
2018-12-23 01:26:11.089088,https://preview.redd.it/evvk1c4maw521.jpg?width=640&crop=smart&auto=webp&s=1e0152f0d742347b9d7e71e3cad8300d9ba6e3b3,25
2018-12-23 01:26:11.089088,https://i.redd.it/es2zkhkhkv521.jpg,26
2018-12-23 01:26:11.089088,https://i.redd.it/hgvyuum2bv521.jpg,27
2018-12-23 01:26:11.089088,https://preview.redd.it/5kwdx9nz5w521.jpg?width=640&crop=smart&auto=webp&s=c30380b121457ad4f49239a1e1e5badf7d0bbd9a,28
2018-12-23 01:26:11.089088,https://external-preview.redd.it/xVPh3-ymnDe750ZjFRNrUJmFuB1Wmi47JyWNTAIjN_k.jpg?width=640&crop=smart&auto=webp&s=eb61e4c9858b7a0133900beb60c6b872831a1e73,29
2018-12-23 01:26:11.089088,https://preview.redd.it/lgqek7kglu521.jpg?width=640&crop=smart&auto=webp&s=e7303b9e675e5d3a32bd750879427bb74eb30ffc,30
2018-12-23 11:52:17.169274,https://i.redd.it/6yufieb3py521.jpg,31
2018-12-23 11:52:17.169274,https://preview.redd.it/tfl0n9svby521.jpg?width=640&crop=smart&auto=webp&s=3a4bf652edb434415c9c26f4acf220e5329ffb94,32
2018-12-23 11:52:17.169274,https://preview.redd.it/4go175n6cz521.jpg?width=640&crop=smart&auto=webp&s=999b307e35f5623bf65e0ac95f10fd90144d4ffd,33
2018-12-23 11:52:17.169274,https://preview.redd.it/oiaynleiay521.jpg?width=640&crop=smart&auto=webp&s=892820893fa39298c3f7955a66595f1e45e40c74,34
2018-12-23 11:52:17.169274,https://preview.redd.it/ljxyqdpcay521.jpg?width=640&crop=smart&auto=webp&s=9fcdae488e54a93dc3dbc07db12cfcccfd4ef663,35
2018-12-23 11:52:17.169274,https://preview.redd.it/gkfzyrok8y521.jpg?width=640&crop=smart&auto=webp&s=8ebe32ded3ed7343c077fb2d7b03fffe7383ec84,36
2018-12-23 11:52:17.169274,https://preview.redd.it/ofmxaf67hx521.jpg?width=640&crop=smart&auto=webp&s=cd04632dfc873e025ef9cfaf3fc905ab0a4b9dd1,37
2018-12-23 11:52:17.169274,https://preview.redd.it/7x182g4ciw521.jpg?width=640&crop=smart&auto=webp&s=dc4417c15110dfc1c188d8f4cd3457a05082e220,38
2018-12-23 11:52:17.169274,https://preview.redd.it/a2foqypzxx521.jpg?width=640&crop=smart&auto=webp&s=a1d2701255701346b8099bc440487e812b604b44,39
2018-12-23 11:52:17.169274,https://preview.redd.it/lve5it6tjy521.jpg?width=640&crop=smart&auto=webp&s=f9c623e1e9d0c92f40fe9a7a37a2e464d1531366,40
2018-12-24 17:27:49.097188,https://preview.redd.it/8oiik4ayh7621.jpg?width=640&crop=smart&auto=webp&s=f507f8af781ea43a9ab436d91f2ede03e4771503,41
2018-12-24 17:27:49.097188,https://i.redd.it/rd8rl57gw7621.jpg,42
2018-12-24 17:27:49.097188,https://preview.redd.it/dqx0pqxv08621.jpg?width=640&crop=smart&auto=webp&s=74542b13d40bc22e1d5118b38f9933fb5d47e886,43
2018-12-24 17:27:49.097188,https://preview.redd.it/wd55yf7r68621.jpg?width=640&crop=smart&auto=webp&s=b3c7b42d2e8c2d7639a8d4117b208a7f6dd71017,44
2018-12-24 17:27:49.097188,https://preview.redd.it/cruf226rj8621.jpg?width=640&crop=smart&auto=webp&s=8c27185bd2fd08e4465025b22fdb0d9342347a3c,45
2018-12-24 17:27:49.097188,https://i.redd.it/7j02bw95z6621.jpg,46
2018-12-24 17:27:49.097188,https://i.redd.it/r6aiuaj9z7621.jpg,47
2018-12-24 17:27:49.097188,https://preview.redd.it/9z1vudzfa7621.jpg?width=640&crop=smart&auto=webp&s=1a23fe903d86c5c6ba444b9addd8f6008d971da8,48
2018-12-24 17:27:49.097188,https://preview.redd.it/8brl71m6c7621.jpg?width=640&crop=smart&auto=webp&s=b15f33816d9c8c125159df95007b874a6619d805,49
2018-12-24 17:27:49.097188,https://preview.redd.it/k1el2l3wo7621.jpg?width=640&crop=smart&auto=webp&s=ddbde5abdf062e863fbc2d75740c33fda8db700b,50
