2018-12-23 01:23:21.221904,https://i.redd.it/wyaucmks2v521.jpg,1
2018-12-23 01:23:21.221904,https://preview.redd.it/3zbda3oigv521.jpg?width=640&crop=smart&auto=webp&s=27a142a650162c3cefd3dafbc05ffc7e5aff24fb,2
2018-12-23 01:23:21.221904,https://external-preview.redd.it/l8ihZPj6KGPnpIyBvsZCjmSkNwNlASE2z0azZcToNew.jpg?width=640&crop=smart&auto=webp&s=52a608c51f63dc1a61ad9fb509258fd91f3fd26d,3
2018-12-23 01:23:21.221904,https://preview.redd.it/t569ocp60s521.jpg?width=640&crop=smart&auto=webp&s=ba5fceae4f62055b54344d13a1df0d457ae7bee4,4
2018-12-23 01:23:21.221904,https://i.redd.it/u2t1vxtqqu521.jpg,5
2018-12-23 01:23:21.221904,https://preview.redd.it/rtqq2l20ju521.jpg?width=640&crop=smart&auto=webp&s=6aeb06301a91cb8ea85ca4e46cf5cd57345f054f,6
2018-12-23 01:23:21.221904,https://preview.redd.it/dh12kpd08w521.jpg?width=640&crop=smart&auto=webp&s=85672d8754000c7bf887e5626ae3e4557a9e5c16,7
2018-12-23 01:23:21.221904,https://preview.redd.it/js6c1qgums521.jpg?width=640&crop=smart&auto=webp&s=d7b758351b2873381153eda8640258944344da3f,8
2018-12-23 01:23:21.221904,https://preview.redd.it/7si56ir8nt521.jpg?width=640&crop=smart&auto=webp&s=9287ef70d1d5515f40fc4dc47f2396cf6bb1799a,9
2018-12-23 01:23:21.221904,https://preview.redd.it/dgsjgzryds521.jpg?width=640&crop=smart&auto=webp&s=af063c5b76ea0eac2883af443bc69bb0579ba42c,10
